generation,field_name,score_gpt4o,error_type_gpt4o,explanation_gpt4o,score_llama3-70b,error_type_llama3-70b,explanation_llama3-70b
0,company_name,5,faithful,"The candidate value is identical to the ground-truth value, preserving the full semantic meaning.",5,faithful,"The candidate value is identical to the ground-truth value, preserving the exact same meaning."
0,contact_person_name,5,faithful,"The candidate value is identical to the ground-truth value, preserving full semantic fidelity.",5,faithful,"The candidate value is an exact match with the ground-truth value, preserving the semantic meaning perfectly."
0,contact_person_role,0,omitted,The field was empty or null.,0,omitted,The field was empty or null.
0,contact_person_email,5,faithful,"The candidate value is identical to the ground-truth value, preserving the full semantic meaning.",5,faithful,"The candidate value is an exact match to the ground-truth value, preserving the same meaning and wording."
0,contact_person_phone,5,faithful,"The candidate value is identical to the ground-truth value, preserving the full semantic meaning.",5,faithful,"The candidate value is an exact match to the ground-truth value, preserving the same phone number."
0,is_decision_maker,0,omitted,The field was empty or null.,0,omitted,The field was empty or null.
0,industry,5,faithful,"The candidate value is fully faithful to the ground truth, with only a minor difference in capitalization.",5,faithful,"The candidate value is identical to the ground truth, with only a minor difference in capitalization."
0,address,5,faithful,"The candidate value is fully faithful to the ground truth, with no differences in meaning or detail.",5,faithful,"The candidate value is an exact match to the ground-truth value, preserving the full semantic meaning of the address."
0,purpose_of_request,5,faithful,The candidate preserves the full semantic meaning of the ground truth with only minor wording differences.,5,faithful,"The candidate value is a minor rewording of the ground truth, preserving the same meaning and details."
0,lead_source,0,omitted,The field was empty or null.,0,omitted,The field was empty or null.
0,worked_with_ur_before,5,faithful,The candidate preserves the full semantic meaning of the ground truth with only minor wording differences.,5,faithful,"The candidate value is a rephrased version of the ground truth, preserving the same meaning and information."
0,in_house_automation_resources_description,5,faithful,The candidate preserves the full meaning of the ground truth and adds relevant detail about the team's skills without altering the original information.,5,faithful,"The candidate value is almost identical to the ground truth, with only minor additional details that do not alter the original meaning."
0,in_house_team_skill_level,4,omitted,The candidate correctly identifies the skill level as 'Beginner' but omits details about the team's mechanical skills and lack of experience with programming or collaborative robots.,4,omitted,"The candidate value correctly identifies the skill level as 'Beginner', but omits the additional context provided in the ground truth about the team's mechanical skills and lack of experience with programming or collaborative robots."
0,installation_responsibility,5,faithful,"The candidate accurately conveys the core meaning of the ground truth, with only minor wording differences.",5,faithful,"The candidate value is a concise rephrasing of the ground truth, preserving the same meaning and core elements."
0,preferred_installation_timeline,3,partially_faithful,The candidate provides a timeline that partially aligns with the ground truth but includes additional details and extends beyond the specified 6 months.,4,faithful,"The candidate value mostly preserves the ground truth's meaning, providing a more detailed and specific timeline, but with a slightly longer overall duration."
0,deployment_process_preference,5,faithful,The candidate preserves the full semantic meaning of the ground truth with only minor wording differences.,5,faithful,The candidate value preserves the exact meaning of the ground truth with minor wording differences.
0,application_description,5,faithful,The candidate preserves the full semantic meaning of the ground truth with only minor wording differences.,5,faithful,"The candidate value is a minor rewording of the ground-truth value, preserving the same meaning and details."
0,application_criticality,4,omitted,The candidate correctly identifies the criticality as 'High' but omits the explanation about the assembly line being a bottleneck.,4,omitted,The candidate preserves the 'High' rating but omits the crucial context about the assembly line being a bottleneck for the entire production process.
0,application_type_and_sub_type,4,omitted,The candidate preserves the main meaning but omits the 'Pick and Place' aspect of the application type.,4,faithful,"The candidate mostly preserves the semantic meaning of the ground truth, but omits the 'Pick and Place' part, which is an important detail."
0,part_variety_description,5,faithful,"The candidate value is fully faithful to the ground truth, with identical wording and meaning.",5,faithful,"The candidate value is a verbatim copy of the ground-truth value, preserving the exact same meaning and wording."
0,part_dimensions_description,5,faithful,"The candidate value is fully faithful to the ground truth, with only a minor punctuation difference.",5,faithful,"The candidate value is identical to the ground truth, preserving the exact dimensions and description of the components."
0,part_weight_description,5,faithful,The candidate preserves the full semantic meaning of the ground truth with only minor wording differences.,5,faithful,"The candidate value is almost identical to the ground truth, preserving the exact same meaning and wording."
0,desired_throughput,5,faithful,"The candidate accurately captures the essential requirement of achieving at least 20 picks per minute, which is the core of the ground truth.",5,faithful,"The candidate value is a concise version of the ground truth, preserving the same meaning and essential details."
0,budget_for_project,5,faithful,The candidate preserves the full semantic meaning of the ground truth with only minor wording differences.,5,faithful,"The candidate value preserves the exact numerical value and the flexibility condition, with only minor wording differences from the ground truth."
0,project_completion_timeline_ideal,0,omitted,The field was empty or null.,0,omitted,The field was empty or null.
0,project_timeline_constraints,5,faithful,The candidate preserves the full semantic meaning of the ground truth with only minor wording differences.,5,faithful,"The candidate value preserves the exact meaning and core details of the ground-truth value, with only minor wording differences."
0,key_decision_makers_description,3,partially_faithful,The candidate preserves the main roles of the decision-makers but adds an unrelated detail about a lead assembly line operator.,4,faithful,"The candidate mostly preserves the original meaning, with minor rewording and addition of a related but non-essential detail about the lead assembly line operator."
0,company_history_summary,5,faithful,The candidate preserves the full semantic meaning of the ground truth and adds additional relevant information without altering the original message.,5,faithful,"The candidate value is a verbatim copy of the ground truth with an additional, but non-essential, sentence that does not alter the original meaning."
0,key_stakeholders_summary,4,mostly_faithful,"The candidate correctly identifies the Director of Operations and the lead assembly line operator as key stakeholders but introduces an additional stakeholder, the customer, which slightly alters the original context.",5,faithful,"The candidate value preserves the same meaning as the ground truth, with only minor wording differences and an additional detail about the primary decision-maker."
0,company_differentiation_summary,0,omitted,The field was empty or null.,0,omitted,The field was empty or null.
0,primary_products_services_summary,0,omitted,The field was empty or null.,0,omitted,The field was empty or null.
0,innovation_approach_summary,5,faithful,"The candidate preserves the full meaning of the ground truth and adds relevant, consistent details about maintaining high-quality product design.",5,faithful,"The candidate value is almost identical to the ground truth, with only a minor addition that does not alter the original meaning."
1,company_name,5,faithful,"The candidate value is identical to the ground-truth value, preserving the full semantic meaning.",5,faithful,"The candidate value is an exact match to the ground-truth value, preserving the same meaning and wording."
1,contact_person_name,5,faithful,"The candidate value is identical to the ground-truth value, preserving full semantic fidelity.",5,faithful,"The candidate value is an exact match with the ground-truth value, preserving the semantic meaning perfectly."
1,contact_person_role,0,omitted,The field was empty or null.,0,omitted,The field was empty or null.
1,contact_person_email,5,faithful,"The candidate value is identical to the ground-truth value, preserving the full semantic meaning.",5,faithful,"The candidate value is an exact match to the ground-truth value, preserving the same meaning and wording."
1,contact_person_phone,5,faithful,The candidate value is fully faithful as it exactly matches the ground-truth phone number.,5,faithful,"The candidate value is an exact match to the ground-truth value, preserving the same phone number."
1,is_decision_maker,0,omitted,The field was empty or null.,0,omitted,The field was empty or null.
1,industry,0,omitted,The field was empty or null.,0,omitted,The field was empty or null.
1,address,5,faithful,The candidate value is fully faithful as it exactly matches the ground-truth address.,5,faithful,"The candidate value is an exact match to the ground-truth value, preserving the full semantic meaning of the address."
1,purpose_of_request,4,mostly_faithful,"The candidate preserves the main purposes of increasing production speed and reducing repetitive strain injuries but adds enhancing quality and durability, which is not in the ground truth.",4,overly_general,"The candidate mostly preserves the main meaning of the ground truth, but adds extra information about enhancing quality and durability, making it slightly more general."
1,lead_source,0,omitted,"The candidate provides no information about the lead source, missing the specific details about the colleague and trade show.",0,omitted,The candidate value is empty and does not provide any information about the lead source.
1,worked_with_ur_before,5,faithful,The candidate value fully preserves the semantic meaning of the ground truth with only minor wording differences.,5,faithful,The candidate value is a verbatim copy of the ground truth with a minor addition that does not alter the original meaning.
1,in_house_automation_resources_description,5,faithful,"The candidate accurately conveys the same meaning as the ground truth, with additional detail about the team's skills.",5,faithful,"The candidate value is almost identical to the ground truth, with only minor additions that do not alter the original meaning."
1,in_house_team_skill_level,4,omitted,The candidate omits the 'Beginner' label but otherwise accurately conveys the team's mechanical skills and lack of experience with programming or maintaining collaborative robots.,5,faithful,"The candidate value is a rephrased version of the ground truth, preserving the same meaning and details."
1,installation_responsibility,5,faithful,"The candidate accurately conveys that the provider is responsible for the full installation and initial setup, matching the ground truth's preference for a turnkey solution.",5,faithful,"The candidate value is a minor rewording of the ground truth, preserving the same meaning and details."
1,preferred_installation_timeline,3,partially_faithful,"The candidate specifies a timeline within 3-4 months, which is within the 6-month period, but it introduces a specific milestone ('first station running') not mentioned in the ground truth.",4,faithful,"The candidate value mostly preserves the ground truth's meaning, with a slightly more specific and optimistic timeline."
1,deployment_process_preference,4,mostly_faithful,The candidate captures the main idea of a phased deployment starting with one station but omits the detail about rolling it out to the entire line.,5,faithful,"The candidate value is almost identical to the ground truth, preserving the same meaning and details with only minor wording differences."
1,application_description,5,faithful,The candidate maintains the full semantic meaning of the ground truth with only minor wording changes.,5,faithful,"The candidate value is a minor rewording of the ground truth, preserving the same meaning and details."
1,application_criticality,4,overly_general,The candidate captures the critical nature of the application but lacks the specific context of being a bottleneck in the production process.,4,faithful,"The candidate value 'critical' conveys the same level of importance as the ground truth, but omits the specific context about the assembly line being a bottleneck."
1,application_type_and_sub_type,0,omitted,The field was empty or null.,0,omitted,The field was empty or null.
1,part_variety_description,5,faithful,The candidate preserves the full semantic meaning of the ground truth with only minor wording differences.,5,faithful,"The candidate value is a minor rewording of the ground truth, preserving the exact same meaning and details."
1,part_dimensions_description,5,faithful,"The candidate value is fully faithful to the ground truth, with identical semantic content and only a minor wording difference.",5,faithful,"The candidate value is a verbatim copy of the ground truth, preserving the exact semantic meaning."
1,part_weight_description,5,faithful,The candidate preserves the full semantic meaning of the ground truth with only minor wording differences.,5,faithful,"The candidate value is almost identical to the ground truth, with only a minor rephrasing that preserves the exact same meaning."
1,desired_throughput,5,faithful,"The candidate accurately captures the essential requirement of achieving at least 20 picks per minute, which is the core of the ground truth.",5,faithful,"The candidate value is a concise version of the ground truth, preserving the same meaning and essential details."
1,budget_for_project,5,faithful,The candidate preserves the full semantic meaning of the ground truth with only minor wording differences.,5,faithful,"The candidate value preserves the exact numerical value and the flexibility condition, with only minor wording differences from the ground truth."
1,project_completion_timeline_ideal,5,faithful,The candidate preserves the full semantic meaning of the ground truth with only minor wording differences.,5,faithful,"The candidate value is a minor rewording of the ground truth, preserving the exact same meaning and timeline."
1,project_timeline_constraints,4,mostly_faithful,The candidate preserves the main meaning but omits the context of the deadline being for the next product launch.,5,faithful,"The candidate value preserves the exact meaning and core details of the ground truth, with only minor wording differences."
1,key_decision_makers_description,3,partially_faithful,The candidate preserves the main roles of the decision-maker and the Director of Operations but adds an unrelated detail about the lead assembly line operator.,4,faithful,"The candidate mostly preserves the original meaning, with minor rephrasing and a small additional detail about the lead assembly line operator."
1,company_history_summary,5,faithful,The candidate accurately preserves the core semantic elements of the ground truth and adds relevant context without altering the original meaning.,5,faithful,"The candidate value is a verbatim copy of the ground truth with additional relevant information, preserving the original meaning perfectly."
1,key_stakeholders_summary,3,omitted,"The candidate omits the involvement of 'myself and the Director of Operations' as key stakeholders, focusing only on the lead assembly line operator.",5,faithful,"The candidate value preserves the same meaning as the ground truth, with only minor rewording and no loss of information."
1,company_differentiation_summary,4,omitted,"The candidate captures the main idea of high-quality, durable product design but omits the aspect of precise manufacturing processes.",5,faithful,"The candidate value preserves the core semantic elements of the ground truth, with minor wording differences that do not alter the meaning."
1,primary_products_services_summary,3,vague,"The candidate mentions high-end consumer electronics and manufacturing, which is related but lacks specific details about wireless audio equipment like headphones and speakers.",2,vague,"The candidate value is weakly related to the ground truth, mentioning consumer electronics but omitting specific products and the company's design and manufacturing focus."
1,innovation_approach_summary,5,faithful,"The candidate preserves the full meaning of the ground truth and adds relevant, consistent details about the commitment to quality.",5,faithful,"The candidate value is almost identical to the ground truth, with only minor additions that do not alter the original meaning."
2,company_name,5,faithful,"The candidate value is identical to the ground-truth value, preserving the full semantic meaning.",5,faithful,"The candidate value is identical to the ground-truth value, preserving the exact same meaning."
2,contact_person_name,5,faithful,"The candidate value is identical to the ground-truth value, preserving full semantic fidelity.",5,faithful,"The candidate value is an exact match with the ground-truth value, preserving the semantic meaning perfectly."
2,contact_person_role,5,faithful,"The candidate value is identical to the ground-truth value, preserving the full semantic meaning.",5,faithful,"The candidate value is identical to the ground-truth value, preserving the exact semantic meaning."
2,contact_person_email,5,faithful,"The candidate value is identical to the ground-truth value, preserving the full semantic meaning.",5,faithful,"The candidate value is an exact match to the ground-truth value, preserving the same meaning and wording."
2,contact_person_phone,5,faithful,"The candidate value is identical to the ground-truth value, preserving the full semantic meaning.",5,faithful,"The candidate value is an exact match to the ground-truth value, preserving the same phone number."
2,is_decision_maker,0,omitted,The field was empty or null.,0,omitted,The field was empty or null.
2,industry,0,omitted,The field was empty or null.,0,omitted,The field was empty or null.
2,address,0,omitted,The field was empty or null.,0,omitted,The field was empty or null.
2,purpose_of_request,4,mostly_faithful,The candidate preserves the main purpose of increasing production speed and reducing injuries but adds additional goals of enhancing quality and durability.,4,overly_general,"The candidate mostly preserves the main meaning of the ground truth, but adds extra information about enhancing quality and durability, which is not present in the original request."
2,lead_source,0,omitted,The field was empty or null.,0,omitted,The field was empty or null.
2,worked_with_ur_before,5,faithful,The candidate maintains the full semantic meaning of the ground truth with only a minor addition that does not alter the core message.,5,faithful,"The candidate value is almost identical to the ground truth, with only a minor addition of context that does not alter the original meaning."
2,in_house_automation_resources_description,5,faithful,The candidate preserves the full semantic meaning of the ground truth with only minor wording differences.,5,faithful,"The candidate value is a minor rewording of the ground truth, preserving the exact same meaning and details."
2,in_house_team_skill_level,5,faithful,"The candidate preserves the full semantic meaning of the ground truth, only omitting the explicit 'Beginner' label, which is implied by the description.",5,faithful,"The candidate value preserves the exact meaning of the ground truth, with only minor rewording and omission of the 'Beginner' label."
2,installation_responsibility,5,faithful,"The candidate accurately conveys that the provider is responsible for the full installation and initial setup, maintaining the core meaning of the ground truth.",5,faithful,"The candidate value is a minor rewording of the ground truth, preserving the same meaning and details."
2,preferred_installation_timeline,3,partially_faithful,"The candidate specifies a timeline within 3-4 months, which is a subset of the ground truth's 'within the next 6 months', but it introduces a specific milestone ('first station running') not present in the original.",4,faithful,"The candidate value mostly preserves the ground truth's meaning, with a slightly more specific and optimistic timeline."
2,deployment_process_preference,5,faithful,The candidate preserves the full semantic meaning of the ground truth with only minor wording differences.,5,faithful,"The candidate value is almost identical to the ground truth, with only minor wording differences that do not affect the semantic meaning."
2,application_description,5,faithful,The candidate maintains the full semantic meaning of the ground truth with only minor wording changes.,5,faithful,"The candidate value is a minor rewording of the ground truth, preserving the same meaning and details."
2,application_criticality,4,mostly_faithful,The candidate captures the high importance of the application but omits the specific detail about the assembly line being a bottleneck.,5,faithful,The candidate value 'Critical' is semantically equivalent to the ground-truth value 'High' and conveys the same level of importance.
2,application_type_and_sub_type,0,omitted,The field was empty or null.,0,omitted,The field was empty or null.
2,part_variety_description,5,faithful,The candidate accurately conveys the same meaning as the ground truth with only minor wording differences.,5,faithful,"The candidate value is a minor rewording of the ground truth, preserving the exact same meaning and details."
2,part_dimensions_description,4,omitted,The candidate accurately describes the dimensions but omits the description of the components being small.,5,faithful,"The candidate value is almost identical to the ground truth, with only minor wording differences."
2,part_weight_description,4,mostly_faithful,The candidate preserves the main meaning but omits the emphasis on 'extremely light'.,5,faithful,"The candidate value is a concise and accurate restatement of the ground-truth value, preserving the same meaning and details."
2,desired_throughput,5,faithful,"The candidate accurately captures the essential requirement of achieving at least 20 picks per minute, which is the core of the ground truth.",5,faithful,"The candidate value is a concise version of the ground truth, preserving the same meaning and essential details."
2,budget_for_project,5,faithful,The candidate preserves the full semantic meaning of the ground truth with only minor wording differences.,5,faithful,"The candidate value preserves the exact numerical value and the flexibility condition, with only minor wording differences from the ground truth."
2,project_completion_timeline_ideal,0,omitted,The field was empty or null.,0,omitted,The field was empty or null.
2,project_timeline_constraints,4,mostly_faithful,The candidate maintains the main meaning of the deadline and automation requirement but adds a detail about the first station that is not in the ground truth.,5,faithful,"The candidate value fully preserves the semantic meaning of the ground truth, with minor wording differences and additional specific details."
2,key_decision_makers_description,3,partially_faithful,"The candidate preserves the main roles of the decision-makers but adds an unrelated stakeholder, which introduces unnecessary information.",4,faithful,"The candidate mostly preserves the original meaning, with minor rephrasing and a small additional detail about the lead assembly line operator."
2,company_history_summary,5,faithful,The candidate preserves the full meaning of the ground truth and adds additional relevant details without altering the original information.,5,faithful,"The candidate value is almost identical to the ground truth, with only minor additions that do not alter the original meaning."
2,key_stakeholders_summary,0,omitted,The field was empty or null.,0,omitted,The field was empty or null.
2,company_differentiation_summary,4,mostly_faithful,"The candidate captures the main idea of commitment to high-quality, durable product design but omits the specific mention of precise manufacturing processes.",4,faithful,"The candidate mostly preserves the main idea of the ground truth, but omits the detail about precise manufacturing processes."
2,primary_products_services_summary,3,vague,"The candidate mentions high-end consumer electronics and manufacturing quality, but lacks specific details about wireless audio equipment, headphones, and speakers.",3,vague,The candidate value preserves the general idea of the company's focus on high-end products but omits specific details about wireless audio equipment and lacks concrete examples.
2,innovation_approach_summary,5,faithful,"The candidate preserves the full semantic meaning of the ground truth, with only minor additions that do not alter the core message.",5,faithful,"The candidate value is almost identical to the ground truth, with only a minor addition that does not alter the original meaning."
3,company_name,5,faithful,"The candidate value is identical to the ground-truth value, preserving the full semantic meaning.",5,faithful,"The candidate value is an exact match to the ground-truth value, preserving the same meaning and wording."
3,contact_person_name,5,faithful,"The candidate value is identical to the ground-truth value, preserving the full semantic meaning.",5,faithful,"The candidate value is an exact match with the ground-truth value, preserving the semantic meaning perfectly."
3,contact_person_role,5,faithful,"The candidate value is identical to the ground-truth value, preserving the full semantic meaning.",5,faithful,"The candidate value is identical to the ground-truth value, preserving the exact semantic meaning."
3,contact_person_email,5,faithful,"The candidate value is identical to the ground-truth value, preserving the full semantic meaning.",5,faithful,"The candidate value is an exact match to the ground-truth value, preserving the same meaning and wording."
3,contact_person_phone,5,faithful,"The candidate value is identical to the ground-truth value, preserving the full semantic meaning.",5,faithful,"The candidate value is an exact match to the ground-truth value, preserving the same phone number."
3,is_decision_maker,0,omitted,The field was empty or null.,0,omitted,The field was empty or null.
3,industry,0,omitted,The field was empty or null.,0,omitted,The field was empty or null.
3,address,0,omitted,The field was empty or null.,0,omitted,The field was empty or null.
3,purpose_of_request,4,mostly_faithful,"The candidate preserves the main purposes of increasing production speed and reducing repetitive strain injuries, but adds additional goals of enhancing quality and durability.",4,overly_general,"The candidate mostly preserves the main meaning of the ground truth, but adds extra information about enhancing quality and durability, making it slightly more general."
3,lead_source,0,omitted,The field was empty or null.,0,omitted,The field was empty or null.
3,worked_with_ur_before,5,faithful,The candidate maintains the full semantic meaning of the ground truth with only a minor addition that does not alter the core message.,5,faithful,"The candidate value is almost identical to the ground truth, with only a minor addition of context that does not alter the original meaning."
3,in_house_automation_resources_description,5,faithful,The candidate preserves the full semantic meaning of the ground truth with only minor wording differences.,5,faithful,"The candidate value is almost identical to the ground truth, with only a minor wording difference ('no' vs 'don't have')."
3,in_house_team_skill_level,5,faithful,"The candidate accurately conveys the same meaning as the ground truth, with only minor wording differences.",5,faithful,"The candidate value is a rephrased version of the ground truth, preserving the same meaning and details."
3,installation_responsibility,0,omitted,The field was empty or null.,0,omitted,The field was empty or null.
3,preferred_installation_timeline,3,partially_faithful,"The candidate specifies a timeline of 3-4 months after project start, which partially aligns with the 6-month window but introduces a dependency on project start, altering the original meaning.",5,faithful,"The candidate value is fully faithful to the ground truth, providing a more detailed but consistent timeline for the preferred installation."
3,deployment_process_preference,5,faithful,"The candidate accurately preserves the semantic meaning of the ground truth, with only minor wording differences.",5,faithful,"The candidate value is almost identical to the ground truth, with only minor wording differences that do not affect the semantic meaning."
3,application_description,5,faithful,The candidate preserves the full semantic meaning of the ground truth with only minor wording differences.,5,faithful,"The candidate value is almost identical to the ground truth, with only minor wording differences that do not affect the semantic meaning."
3,application_criticality,4,mostly_faithful,The candidate maintains the criticality of the application but focuses on a specific process rather than the overall bottleneck issue.,5,faithful,"The candidate value preserves the original meaning and conveys the same level of criticality, with minor rephrasing and added context."
3,application_type_and_sub_type,0,omitted,The field was empty or null.,0,omitted,The field was empty or null.
3,part_variety_description,5,faithful,The candidate accurately preserves the meaning of the ground truth with only minor wording differences.,5,faithful,"The candidate value is a near-verbatim reproduction of the ground truth, preserving the exact meaning and details."
3,part_dimensions_description,5,faithful,"The candidate accurately preserves the dimensions and description of the components, with only minor wording differences.",5,faithful,"The candidate value is a minor rewording of the ground truth, preserving the exact same meaning and dimensions."
3,part_weight_description,5,faithful,"The candidate accurately conveys the same meaning as the ground truth, with only minor wording differences.",5,faithful,"The candidate value is a minor rewording of the ground truth, preserving the exact same meaning and information."
3,desired_throughput,0,omitted,The field was empty or null.,0,omitted,The field was empty or null.
3,budget_for_project,5,faithful,The candidate preserves the full semantic meaning of the ground truth with only minor wording differences.,5,faithful,"The candidate value is almost identical to the ground truth, with only minor wording differences that do not affect the semantic meaning."
3,project_completion_timeline_ideal,4,mostly_faithful,The candidate correctly states the timeline for the first station but adds additional information about a hard deadline for full line automation.,5,faithful,The candidate value preserves the exact timeline of 3-4 months for the first station and adds a relevant detail about the full line automation deadline.
3,project_timeline_constraints,0,omitted,The field was empty or null.,0,omitted,The field was empty or null.
3,key_decision_makers_description,3,partially_faithful,"The candidate preserves the main roles of the decision-makers but adds an unrelated stakeholder, which introduces unnecessary information.",4,faithful,"The candidate mostly preserves the original meaning, with minor rephrasing and a small additional detail about the lead assembly line operator."
3,company_history_summary,5,faithful,"The candidate accurately preserves the core information about Innovate Inc.'s founding and focus, while adding additional relevant details about their commitment to quality and manufacturing processes.",5,faithful,"The candidate value is a faithful reproduction of the ground truth, with additional details that do not alter the original meaning."
3,key_stakeholders_summary,0,omitted,The field was empty or null.,0,omitted,The field was empty or null.
3,company_differentiation_summary,0,omitted,The field was empty or null.,0,omitted,The field was empty or null.
3,primary_products_services_summary,3,vague,"The candidate mentions high-end consumer electronics and manufacturing quality, but lacks specific details about wireless audio equipment, headphones, and speakers.",3,vague,The candidate value preserves the general idea of the company's focus on high-end products but omits specific details about wireless audio equipment and lacks concrete examples.
3,innovation_approach_summary,5,faithful,"The candidate preserves the full semantic meaning of the ground truth, with only minor additions that do not alter the core message.",5,faithful,"The candidate value is almost identical to the ground truth, with only a minor addition that does not alter the original meaning."
4,company_name,5,faithful,"The candidate value is identical to the ground-truth value, preserving the full semantic meaning.",5,faithful,"The candidate value is identical to the ground-truth value, preserving the exact same meaning."
4,contact_person_name,5,faithful,"The candidate value is identical to the ground-truth value, preserving full semantic fidelity.",5,faithful,"The candidate value is an exact match with the ground-truth value, preserving the semantic meaning perfectly."
4,contact_person_role,5,faithful,"The candidate value is identical to the ground-truth value, preserving the full semantic meaning.",5,faithful,"The candidate value is identical to the ground-truth value, preserving the exact semantic meaning."
4,contact_person_email,5,faithful,"The candidate value is identical to the ground-truth value, preserving the full semantic meaning.",5,faithful,"The candidate value is an exact match to the ground-truth value, preserving the same meaning and wording."
4,contact_person_phone,5,faithful,The candidate value is fully faithful as it exactly matches the ground-truth phone number.,5,faithful,"The candidate value is an exact match to the ground-truth value, preserving the same phone number."
4,is_decision_maker,0,omitted,The field was empty or null.,0,omitted,The field was empty or null.
4,industry,0,omitted,The field was empty or null.,0,omitted,The field was empty or null.
4,address,0,omitted,The field was empty or null.,0,omitted,The field was empty or null.
4,purpose_of_request,4,mostly_faithful,"The candidate preserves the main purposes of increasing production speed and reducing repetitive strain injuries, but adds additional elements about enhancing quality and durability.",4,overly_general,"The candidate mostly preserves the main meaning of the ground truth, but adds extra information about enhancing quality and durability, making it slightly more general."
4,lead_source,0,omitted,The field was empty or null.,0,omitted,The field was empty or null.
4,worked_with_ur_before,5,faithful,The candidate maintains the full semantic meaning of the ground truth with only a minor addition that does not alter the core message.,5,faithful,"The candidate value is almost identical to the ground truth, with only a minor addition of context that does not alter the original meaning."
4,in_house_automation_resources_description,5,faithful,The candidate accurately preserves the meaning of the ground truth with only minor wording differences.,5,faithful,"The candidate value is almost identical to the ground truth, with only a minor wording difference ('no' vs 'don't have')."
4,in_house_team_skill_level,5,faithful,"The candidate accurately conveys the same meaning as the ground truth, with only minor wording differences.",5,faithful,"The candidate value is a minor rewording of the ground truth, preserving the same meaning and details."
4,installation_responsibility,0,no_information,"The candidate provides no information about the installation responsibility, which is clearly defined in the ground truth.",1,omitted,"The candidate value does not provide any information about the installation responsibility, instead, it expresses uncertainty and lack of knowledge."
4,preferred_installation_timeline,4,mostly_faithful,"The candidate specifies a timeline within the ground truth's 6-month period, but adds a condition about the project start, which slightly alters the context.",5,faithful,"The candidate value is fully faithful to the ground truth, providing a more detailed but consistent timeline for the preferred installation."
4,deployment_process_preference,5,faithful,The candidate accurately preserves the semantic meaning of the ground truth with only minor wording differences.,5,faithful,"The candidate value is almost identical to the ground truth, with only minor wording differences that do not affect the semantic meaning."
4,application_description,5,faithful,The candidate preserves the full semantic meaning of the ground truth with only minor wording differences.,5,faithful,"The candidate value is almost identical to the ground truth, with only minor wording differences that do not affect the semantic meaning."
4,application_criticality,5,faithful,"The candidate accurately conveys the high criticality of the application and its impact on manufacturing efficiency, preserving the core meaning of the ground truth.",5,faithful,"The candidate value conveys the same meaning as the ground truth, with minor rephrasing and no loss of critical information."
4,application_type_and_sub_type,0,omitted,The field was empty or null.,0,omitted,The field was empty or null.
4,part_variety_description,5,faithful,The candidate accurately preserves the meaning of the ground truth with only minor wording differences.,5,faithful,"The candidate value is a near-verbatim reproduction of the ground truth, preserving the exact meaning and details."
4,part_dimensions_description,5,faithful,The candidate accurately preserves the dimensions and description of the components with only minor wording differences.,5,faithful,"The candidate value is a minor rewording of the ground truth, preserving the exact same meaning and dimensions."
4,part_weight_description,5,faithful,"The candidate accurately conveys the core meaning that each part weighs less than 5 grams, with only minor wording differences.",5,faithful,"The candidate value is a minor rewording of the ground truth, preserving the exact same meaning and information."
4,desired_throughput,0,omitted,The field was empty or null.,0,omitted,The field was empty or null.
4,budget_for_project,5,faithful,The candidate preserves the full semantic meaning of the ground truth with only minor wording differences.,5,faithful,"The candidate value is almost identical to the ground truth, with only minor wording differences that do not affect the semantic meaning."
4,project_completion_timeline_ideal,4,mostly_faithful,The candidate correctly states the ideal timeline for the first station but adds additional information about a hard deadline for full line automation.,5,faithful,The candidate value preserves the exact timeline of 3-4 months for the first station and adds a relevant detail about the full line automation deadline.
4,project_timeline_constraints,1,contradictory,"The candidate contradicts the ground truth by stating there are no specific timeline constraints, whereas the ground truth specifies a hard deadline of 8 months.",0,omitted,"The candidate value does not provide any information about the project timeline constraints, contradicting the ground truth which specifies a hard deadline."
4,key_decision_makers_description,3,partially_faithful,The candidate preserves the main roles of the decision-maker and the Director of Operations but adds unrelated information about a lead assembly line operator.,4,faithful,"The candidate mostly preserves the original meaning, with minor rephrasing and a small additional detail about the lead assembly line operator."
4,company_history_summary,5,faithful,The candidate retains the full semantic meaning of the ground truth and adds additional relevant details without altering the original information.,5,faithful,"The candidate value is a faithful reproduction of the ground truth, with additional details that do not alter the original meaning."
4,key_stakeholders_summary,0,omitted,The field was empty or null.,0,omitted,The field was empty or null.
4,company_differentiation_summary,0,omitted,The field was empty or null.,0,omitted,The field was empty or null.
4,primary_products_services_summary,3,vague,"The candidate mentions high-end consumer electronics and manufacturing, but lacks specific details about wireless audio equipment, headphones, and speakers.",3,vague,The candidate value preserves the general idea of the company's focus on high-end products but omits specific details about wireless audio equipment and lacks concrete examples.
4,innovation_approach_summary,5,faithful,"The candidate preserves the full semantic meaning of the ground truth, with only minor additions that do not alter the core message.",5,faithful,"The candidate value is almost identical to the ground truth, with only a minor addition that does not alter the original meaning."
5,company_name,5,faithful,"The candidate value is identical to the ground-truth value, preserving the full semantic meaning.",5,faithful,"The candidate value is identical to the ground-truth value, preserving the exact same meaning."
5,contact_person_name,5,faithful,"The candidate value is identical to the ground-truth value, preserving the full semantic meaning.",5,faithful,"The candidate value is an exact match with the ground-truth value, preserving the semantic meaning perfectly."
5,contact_person_role,5,faithful,"The candidate value is identical to the ground-truth value, preserving the full semantic meaning.",5,faithful,"The candidate value is identical to the ground-truth value, preserving the exact semantic meaning."
5,contact_person_email,5,faithful,"The candidate value is identical to the ground-truth value, preserving the full semantic meaning.",5,faithful,"The candidate value is an exact match to the ground-truth value, preserving the same meaning and wording."
5,contact_person_phone,5,faithful,"The candidate value is identical to the ground-truth value, preserving the full semantic meaning.",5,faithful,"The candidate value is an exact match to the ground-truth value, preserving the same phone number."
5,is_decision_maker,0,omitted,The field was empty or null.,0,omitted,The field was empty or null.
5,industry,0,omitted,The field was empty or null.,0,omitted,The field was empty or null.
5,address,0,omitted,The field was empty or null.,0,omitted,The field was empty or null.
5,purpose_of_request,4,mostly_faithful,"The candidate accurately captures the main purposes of increasing production speed and reducing repetitive strain injuries, but adds additional elements about quality and durability not present in the ground truth.",4,overly_general,"The candidate mostly preserves the main meaning of the ground truth, but adds extra information about enhancing quality and durability, making it slightly more general."
5,lead_source,0,omitted,The field was empty or null.,0,omitted,The field was empty or null.
5,worked_with_ur_before,5,faithful,The candidate maintains the full semantic meaning of the ground truth with only a minor addition that does not alter the core message.,5,faithful,"The candidate value is almost identical to the ground truth, with only a minor addition of context that does not alter the original meaning."
5,in_house_automation_resources_description,5,faithful,The candidate accurately preserves the meaning of the ground truth with only minor wording differences.,5,faithful,"The candidate value is almost identical to the ground truth, with only a minor wording difference ('no' vs 'don't have')."
5,in_house_team_skill_level,5,faithful,"The candidate preserves the full semantic meaning of the ground truth, with only minor wording differences.",5,faithful,"The candidate value is a minor rewording of the ground truth, preserving the same meaning and details."
5,installation_responsibility,0,omitted,The field was empty or null.,0,omitted,The field was empty or null.
5,preferred_installation_timeline,4,mostly_faithful,"The candidate specifies a more precise timeline within the ground truth's 6-month period, maintaining the main meaning but with a slight focus on the start of the project.",5,faithful,"The candidate value is fully faithful to the ground truth, providing a more detailed but consistent timeline for the preferred installation."
5,deployment_process_preference,5,faithful,"The candidate accurately preserves the semantic meaning of the ground truth, with only minor wording differences.",5,faithful,"The candidate value is almost identical to the ground truth, with only minor wording differences that do not affect the semantic meaning."
5,application_description,5,faithful,The candidate preserves the full semantic meaning of the ground truth with only minor wording differences.,5,faithful,"The candidate value is almost identical to the ground truth, with only minor wording differences that do not affect the semantic meaning."
5,application_criticality,5,faithful,"The candidate accurately conveys the high criticality of the application and its impact on manufacturing efficiency, preserving the core meaning of the ground truth.",5,faithful,"The candidate value conveys the same meaning as the ground truth, with minor rephrasing and no loss of critical information."
5,application_type_and_sub_type,0,omitted,The field was empty or null.,0,omitted,The field was empty or null.
5,part_variety_description,5,faithful,The candidate accurately conveys the same meaning as the ground truth with only minor wording differences.,5,faithful,"The candidate value is a near-verbatim reproduction of the ground truth, preserving the exact meaning and details."
5,part_dimensions_description,5,faithful,"The candidate accurately preserves the dimensions and description of the components, with only minor wording differences.",5,faithful,"The candidate value is a minor rewording of the ground truth, preserving the exact same meaning and dimensions."
5,part_weight_description,5,faithful,"The candidate accurately conveys the same meaning as the ground truth, with only minor wording differences.",5,faithful,"The candidate value is a minor rewording of the ground truth, preserving the exact same meaning and information."
5,desired_throughput,0,omitted,The field was empty or null.,0,omitted,The field was empty or null.
5,budget_for_project,5,faithful,The candidate preserves the full semantic meaning of the ground truth with only minor wording differences.,5,faithful,"The candidate value is almost identical to the ground truth, with only minor wording differences that do not affect the semantic meaning."
5,project_completion_timeline_ideal,0,omitted,The field was empty or null.,0,omitted,The field was empty or null.
5,project_timeline_constraints,4,mostly_faithful,"The candidate maintains the main meaning of the ground truth but adds a detail about the first station running, which slightly generalizes the timeline.",5,faithful,"The candidate value preserves the core semantic elements of the ground truth, including the hard deadline and full line automation, with minor wording differences and additional specific details."
5,key_decision_makers_description,3,fabricated,"The candidate preserves the main roles of the decision-makers but incorrectly adds a new stakeholder, which was not mentioned in the ground truth.",4,faithful,"The candidate mostly preserves the original meaning, with minor rephrasing and a small additional detail about the lead assembly line operator."
5,company_history_summary,5,faithful,The candidate retains the full semantic meaning of the ground truth and adds additional relevant details without altering the original information.,5,faithful,"The candidate value is a faithful reproduction of the ground truth, with additional details that do not alter the original meaning."
5,key_stakeholders_summary,3,partially_faithful,The candidate preserves the involvement of the lead assembly line operator in user acceptance testing but introduces new stakeholders and details not present in the ground truth.,5,faithful,"The candidate value fully preserves the semantic meaning of the ground truth, with minor wording differences and additional details that do not alter the core information."
5,company_differentiation_summary,4,mostly_faithful,"The candidate maintains the main idea of commitment to high-quality, durable product design but omits the specific detail about precise manufacturing processes.",4,faithful,"The candidate mostly preserves the main idea of the ground truth, but omits the detail about precise manufacturing processes."
5,primary_products_services_summary,0,omitted,The field was empty or null.,0,omitted,The field was empty or null.
5,innovation_approach_summary,5,faithful,The candidate preserves the full semantic meaning of the ground truth with only minor wording differences.,5,faithful,"The candidate value is almost identical to the ground truth, with only minor wording differences that do not affect the semantic meaning."
6,company_name,5,faithful,"The candidate value is identical to the ground-truth value, preserving the full semantic meaning.",5,faithful,"The candidate value is an exact match to the ground-truth value, preserving the same meaning and wording."
6,contact_person_name,0,omitted,The field was empty or null.,0,omitted,The field was empty or null.
6,contact_person_role,0,omitted,The field was empty or null.,0,omitted,The field was empty or null.
6,contact_person_email,0,omitted,The field was empty or null.,0,omitted,The field was empty or null.
6,contact_person_phone,0,omitted,The field was empty or null.,0,omitted,The field was empty or null.
6,is_decision_maker,0,omitted,The field was empty or null.,0,omitted,The field was empty or null.
6,industry,0,omitted,The field was empty or null.,0,omitted,The field was empty or null.
6,address,0,omitted,The field was empty or null.,0,omitted,The field was empty or null.
6,purpose_of_request,4,mostly_faithful,"The candidate preserves the main purposes of increasing production speed and reducing repetitive strain injuries, but adds additional elements about enhancing quality and durability.",4,overly_general,"The candidate mostly preserves the main meaning of the ground truth, but adds extra information about enhancing quality and durability, making it slightly more general."
6,lead_source,0,omitted,The field was empty or null.,0,omitted,The field was empty or null.
6,worked_with_ur_before,5,faithful,The candidate maintains the full semantic meaning of the ground truth with only a minor addition that does not alter the core message.,5,faithful,"The candidate value is almost identical to the ground truth, with only a minor addition of context that does not alter the original meaning."
6,in_house_automation_resources_description,5,faithful,The candidate preserves the full semantic meaning of the ground truth with only minor wording differences.,5,faithful,"The candidate value is almost identical to the ground truth, with only a minor wording difference ('no' vs 'don't have')."
6,in_house_team_skill_level,4,omitted,The candidate omits the 'Beginner' label but otherwise accurately reflects the team's skill level.,5,faithful,"The candidate value is a rephrased version of the ground truth, preserving the same meaning and details."
6,installation_responsibility,0,omitted,The field was empty or null.,0,omitted,The field was empty or null.
6,preferred_installation_timeline,0,omitted,The field was empty or null.,0,omitted,The field was empty or null.
6,deployment_process_preference,5,faithful,"The candidate accurately preserves the semantic meaning of the ground truth, with only minor wording differences.",5,faithful,"The candidate value is almost identical to the ground truth, with only minor wording differences that do not affect the semantic meaning."
6,application_description,5,faithful,The candidate maintains the full semantic meaning of the ground truth with only minor wording changes.,5,faithful,"The candidate value is a minor rewording of the ground truth, preserving the same meaning and details."
6,application_criticality,5,faithful,"The candidate accurately conveys the critical importance of the application to the production process, maintaining the core meaning of the ground truth.",5,faithful,"The candidate value conveys the same meaning as the ground truth, with only minor rewording and no loss of essential information."
6,application_type_and_sub_type,0,omitted,The field was empty or null.,0,omitted,The field was empty or null.
6,part_variety_description,5,faithful,The candidate accurately preserves the semantic meaning of the ground truth with only minor wording differences.,5,faithful,"The candidate value is a minor rewording of the ground truth, preserving the exact same meaning and details."
6,part_dimensions_description,5,faithful,"The candidate accurately preserves the dimensions and description of the components, with only minor wording differences.",5,faithful,"The candidate value is a minor rewording of the ground truth, preserving the exact same meaning and dimensions."
6,part_weight_description,5,faithful,"The candidate accurately conveys the same meaning as the ground truth, with only minor wording differences.",5,faithful,"The candidate value is a minor rewording of the ground truth, preserving the exact same meaning and information."
6,desired_throughput,0,omitted,The field was empty or null.,0,omitted,The field was empty or null.
6,budget_for_project,5,faithful,The candidate preserves the full semantic meaning of the ground truth with only minor wording differences.,5,faithful,"The candidate value is almost identical to the ground truth, with only minor wording differences that do not affect the semantic meaning."
6,project_completion_timeline_ideal,4,mostly_faithful,"The candidate maintains the core timeline for the first station but adds a detail about full line automation, which slightly generalizes the original scope.",5,faithful,"The candidate value preserves the exact timeline of 3-4 months for the first station, adding only a relevant and consistent context about the full line automation deadline."
6,project_timeline_constraints,4,mostly_faithful,"The candidate maintains the main meaning of the ground truth but adds a detail about the first station running, which slightly generalizes the timeline.",5,faithful,"The candidate value preserves the core semantic elements of the ground truth, including the hard deadline and full line automation, with minor wording differences and additional details that do not alter the original meaning."
6,key_decision_makers_description,3,partially_faithful,The candidate preserves the main roles of the decision-makers but adds an unrelated detail about the lead assembly line operator.,4,faithful,"The candidate mostly preserves the original meaning, with minor rephrasing and a small additional detail about the lead assembly line operator."
6,company_history_summary,5,faithful,The candidate preserves the full semantic meaning of the ground truth and adds additional relevant details without altering the original information.,5,faithful,"The candidate value is a faithful reproduction of the ground truth, with additional details that do not alter the original meaning."
6,key_stakeholders_summary,3,partially_faithful,"The candidate includes the lead assembly line operator as a key stakeholder in user acceptance testing, but introduces new roles and details not present in the ground truth, altering the focus.",5,faithful,"The candidate value fully preserves the semantic meaning of the ground truth, with minor wording differences and additional details that do not alter the core information."
6,company_differentiation_summary,4,mostly_faithful,"The candidate maintains the main idea of high-quality, durable product design but omits the specific mention of precise manufacturing processes.",4,faithful,"The candidate mostly preserves the semantic meaning of the ground truth, with minor rephrasing and addition of related details, but maintains the core idea of commitment to high-quality product design."
6,primary_products_services_summary,0,omitted,The field was empty or null.,0,omitted,The field was empty or null.
6,innovation_approach_summary,5,faithful,The candidate preserves the full semantic meaning of the ground truth with only minor wording differences.,5,faithful,"The candidate value is almost identical to the ground truth, with only minor wording differences that do not affect the semantic meaning."
7,company_name,5,faithful,"The candidate value is identical to the ground-truth value, preserving the full semantic meaning.",5,faithful,"The candidate value is an exact match to the ground-truth value, preserving the same meaning and wording."
7,contact_person_name,0,omitted,The field was empty or null.,0,omitted,The field was empty or null.
7,contact_person_role,0,omitted,The field was empty or null.,0,omitted,The field was empty or null.
7,contact_person_email,0,omitted,The field was empty or null.,0,omitted,The field was empty or null.
7,contact_person_phone,0,omitted,The field was empty or null.,0,omitted,The field was empty or null.
7,is_decision_maker,0,omitted,The field was empty or null.,0,omitted,The field was empty or null.
7,industry,0,omitted,The field was empty or null.,0,omitted,The field was empty or null.
7,address,0,omitted,The field was empty or null.,0,omitted,The field was empty or null.
7,purpose_of_request,4,mostly_faithful,"The candidate captures the main purposes of increasing production speed and reducing repetitive strain injuries, but adds additional goals not mentioned in the ground truth.",4,overly_general,"The candidate value mostly preserves the main meaning of the ground truth, but adds extra details that are not present in the original, making it slightly more general."
7,lead_source,0,omitted,The field was empty or null.,0,omitted,The field was empty or null.
7,worked_with_ur_before,4,mostly_faithful,The candidate maintains the main meaning but adds a specific context about 'automation solutions' not present in the ground truth.,4,faithful,"The candidate value mostly preserves the semantic meaning of the ground truth, with a slight addition of specific context that does not alter the core message."
7,in_house_automation_resources_description,4,mostly_faithful,"The candidate accurately describes the maintenance team and their focus on conveyor systems, but adds specific details about their lack of experience with collaborative robots, which slightly generalizes the original statement about lacking dedicated robotics engineers.",4,faithful,"The candidate mostly preserves the ground truth's meaning, with minor additions and rephrasing, but maintains the core idea of a small maintenance team with limitations in robotics and automation expertise."
7,in_house_team_skill_level,5,faithful,"The candidate accurately conveys the team's mechanical skills and lack of experience with programming or maintaining collaborative robots, preserving the full meaning of the ground truth.",5,faithful,"The candidate value preserves the exact meaning of the ground truth, with only minor rewording and omission of the 'Beginner' label."
7,installation_responsibility,0,omitted,The field was empty or null.,0,omitted,The field was empty or null.
7,preferred_installation_timeline,0,omitted,The field was empty or null.,0,omitted,The field was empty or null.
7,deployment_process_preference,5,faithful,The candidate preserves the full semantic meaning of the ground truth with only minor wording differences.,5,faithful,"The candidate value is almost identical to the ground truth, with only minor wording differences that do not affect the semantic meaning."
7,application_description,5,faithful,The candidate maintains the full semantic meaning of the ground truth with only minor wording changes.,5,faithful,"The candidate value is a rephrased version of the ground truth, preserving the same meaning and details with minor wording differences."
7,application_criticality,4,overly_general,The candidate captures the criticality level as 'high' but omits the explanation about the assembly line being a bottleneck for the production process.,5,faithful,"The candidate value is a minor wording variation of the ground truth, preserving the same meaning and criticality level."
7,application_type_and_sub_type,0,omitted,The field was empty or null.,0,omitted,The field was empty or null.
7,part_variety_description,5,faithful,The candidate accurately conveys the same meaning as the ground truth with only minor wording differences.,5,faithful,"The candidate value is a minor rewording of the ground truth, preserving the exact same meaning and details."
7,part_dimensions_description,5,faithful,"The candidate accurately preserves the semantic meaning of the ground truth, describing the dimensions of the parts with only minor wording differences.",5,faithful,"The candidate value is a minor rewording of the ground truth, preserving the exact same meaning and dimensions."
7,part_weight_description,4,mostly_faithful,The candidate captures the main idea of the weight being less than 5 grams but omits the emphasis on 'extremely light' and 'each'.,5,faithful,"The candidate value preserves the exact same meaning as the ground truth, with only minor wording differences."
7,desired_throughput,0,omitted,The field was empty or null.,0,omitted,The field was empty or null.
7,budget_for_project,5,faithful,The candidate preserves the full semantic meaning of the ground truth with only minor wording differences.,5,faithful,"The candidate value preserves the exact numerical value and the flexibility condition, with only minor wording differences from the ground truth."
7,project_completion_timeline_ideal,4,mostly_faithful,"The candidate correctly states the ideal timeline for the first station but adds additional information about full line automation, which slightly generalizes the original focus.",5,faithful,"The candidate value is a slight expansion of the ground truth, adding a minor detail about the project start, but preserves the original meaning and timeline."
7,project_timeline_constraints,5,faithful,"The candidate accurately conveys the hard deadline of 8 months for full line automation, maintaining the core semantic meaning of the ground truth.",5,faithful,"The candidate value preserves the exact same meaning as the ground truth, with only minor rephrasing."
7,key_decision_makers_description,3,fabricated,The candidate preserves the main roles of the decision-makers but adds an incorrect detail about the lead assembly line operator's involvement.,4,faithful,"The candidate mostly preserves the original meaning, with minor rephrasing and a small additional detail about the lead assembly line operator."
7,company_history_summary,5,faithful,The candidate preserves the full meaning of the ground truth and adds additional relevant details without altering the original information.,5,faithful,"The candidate value is a faithful reproduction of the ground truth, with additional details that do not alter the original meaning."
7,key_stakeholders_summary,3,partially_faithful,"The candidate includes the lead assembly line operator as a key stakeholder in user acceptance testing, but introduces new roles and details not present in the ground truth, altering the focus.",5,faithful,"The candidate value fully preserves the semantic meaning of the ground truth, with minor wording differences and additional details that do not alter the original meaning."
7,company_differentiation_summary,5,faithful,The candidate preserves the full semantic meaning of the ground truth with only minor wording differences.,5,faithful,"The candidate value is a rephrased version of the ground truth, preserving the same meaning and core elements with minor wording differences."
7,primary_products_services_summary,3,overly_general,"The candidate captures the general idea of producing high-end electronics but lacks specific details about wireless audio equipment, headphones, and speakers.",3,overly_general,"The candidate value preserves the general idea of the company's focus on high-end products, but omits specific details about wireless audio equipment and products like headphones and speakers."
7,innovation_approach_summary,5,faithful,"The candidate preserves the full semantic meaning of the ground truth, with only minor additions that align with the original context.",5,faithful,"The candidate value is almost identical to the ground truth, with only a minor addition that does not alter the original meaning."
8,company_name,5,faithful,"The candidate value is identical to the ground-truth value, preserving the full semantic meaning.",5,faithful,"The candidate value is identical to the ground-truth value, preserving the exact same meaning."
8,contact_person_name,0,omitted,The field was empty or null.,0,omitted,The field was empty or null.
8,contact_person_role,0,omitted,The field was empty or null.,0,omitted,The field was empty or null.
8,contact_person_email,0,omitted,The field was empty or null.,0,omitted,The field was empty or null.
8,contact_person_phone,0,omitted,The field was empty or null.,0,omitted,The field was empty or null.
8,is_decision_maker,0,omitted,The field was empty or null.,0,omitted,The field was empty or null.
8,industry,0,omitted,The field was empty or null.,0,omitted,The field was empty or null.
8,address,0,omitted,The field was empty or null.,0,omitted,The field was empty or null.
8,purpose_of_request,4,overly_general,"The candidate adds additional goals like enhancing quality and durability, which slightly generalizes the original purpose.",4,overly_general,"The candidate value mostly preserves the main meaning of the ground truth, but adds extra details that were not present in the original request."
8,lead_source,0,omitted,The field was empty or null.,0,omitted,The field was empty or null.
8,worked_with_ur_before,5,faithful,"The candidate maintains the same meaning as the ground truth, with only a minor addition specifying 'automation solutions' which does not alter the core message.",5,faithful,"The candidate value is almost identical to the ground truth, with only a minor addition of context that does not alter the core meaning."
8,in_house_automation_resources_description,4,mostly_faithful,"The candidate accurately describes the existing maintenance team and their limitations, but adds information about lacking experience with collaborative robots, which slightly generalizes the original focus on the absence of dedicated robotics or automation engineers.",5,faithful,"The candidate value preserves the core meaning of the ground truth, with minor wording differences and additional context that does not alter the original message."
8,in_house_team_skill_level,5,faithful,"The candidate accurately conveys the team's mechanical skills and lack of experience with programming or maintaining collaborative robots, preserving the full meaning of the ground truth.",5,faithful,"The candidate value preserves the exact meaning of the ground truth, with only minor wording differences."
8,installation_responsibility,0,omitted,The field was empty or null.,0,omitted,The field was empty or null.
8,preferred_installation_timeline,0,omitted,The field was empty or null.,0,omitted,The field was empty or null.
8,deployment_process_preference,5,faithful,The candidate preserves the full semantic meaning of the ground truth with only minor wording differences.,5,faithful,"The candidate value is almost identical to the ground truth, preserving the same meaning and details with only minor wording differences."
8,application_description,5,faithful,The candidate maintains the full semantic meaning of the ground truth with only minor wording changes.,5,faithful,"The candidate value is a rephrased version of the ground truth, preserving the same meaning and details with minor wording differences."
8,application_criticality,4,overly_general,The candidate captures the criticality level as 'high' but omits the explanation of its impact on the production process.,5,faithful,The candidate value 'high' is semantically equivalent to the ground-truth value 'High' and conveys the same level of criticality.
8,application_type_and_sub_type,0,omitted,The field was empty or null.,0,omitted,The field was empty or null.
8,part_variety_description,5,faithful,The candidate accurately conveys the same meaning as the ground truth with only minor wording differences.,5,faithful,"The candidate value is a minor rewording of the ground truth, preserving the exact same meaning and details."
8,part_dimensions_description,5,faithful,"The candidate accurately preserves the dimensions and description of the components, with only minor wording differences.",5,faithful,"The candidate value is a minor rewording of the ground truth, preserving the exact same meaning and dimensions."
8,part_weight_description,5,faithful,"The candidate accurately conveys the same meaning as the ground truth, with only minor wording differences.",5,faithful,"The candidate value is a minor rewording of the ground truth, preserving the exact same meaning and information."
8,desired_throughput,0,omitted,The field was empty or null.,0,omitted,The field was empty or null.
8,budget_for_project,5,faithful,"The candidate preserves the full semantic meaning of the ground truth, with only minor wording differences.",5,faithful,"The candidate value preserves the exact semantic meaning of the ground truth, with only minor wording differences."
8,project_completion_timeline_ideal,4,mostly_faithful,The candidate correctly states the ideal timeline for the first station but adds additional information about full line automation.,5,faithful,"The candidate value is a more detailed and specific version of the ground truth, preserving the same meaning and timeline."
8,project_timeline_constraints,3,vague,The candidate mentions the importance of adhering to timelines but lacks specific details about the 8-month deadline and the automation requirement.,3,vague,The candidate value conveys the importance of timelines but lacks specific details about the deadline and product launch mentioned in the ground truth.
8,key_decision_makers_description,5,faithful,"The candidate accurately conveys the roles of the decision-makers, maintaining the original meaning with only minor wording differences.",5,faithful,"The candidate value is almost identical to the ground truth, with only a minor rephrasing that preserves the original meaning."
8,company_history_summary,5,faithful,The candidate fully preserves the original meaning and adds additional relevant details about the company's commitment to quality and manufacturing processes.,5,faithful,"The candidate value is a faithful reproduction of the ground truth, with additional details that do not alter the original meaning."
8,key_stakeholders_summary,3,partially_faithful,"The candidate includes the lead assembly line operator as a key stakeholder in user acceptance testing, but introduces unrelated stakeholders and details not present in the ground truth.",5,faithful,"The candidate value fully preserves the semantic meaning of the ground truth, with minor wording differences and additional details that do not alter the original meaning."
8,company_differentiation_summary,5,faithful,"The candidate preserves the full semantic meaning of the ground truth, with additional context that aligns with the original message.",5,faithful,"The candidate value fully preserves the semantic meaning of the ground truth, with minor wording differences and additional supporting details that do not alter the core message."
8,primary_products_services_summary,3,vague,"The candidate captures the general idea of producing high-end products but lacks specific mention of wireless audio equipment, headphones, and speakers.",3,vague,The candidate value preserves the general idea of the company's focus on high-end products but omits specific details about wireless audio equipment and product types.
8,innovation_approach_summary,5,faithful,"The candidate preserves the full semantic meaning of the ground truth, with only minor additions that align with the original context.",5,faithful,"The candidate value is almost identical to the ground truth, with only a minor addition that does not alter the original meaning."
9,company_name,5,faithful,"The candidate value is identical to the ground-truth value, preserving the full semantic meaning.",5,faithful,"The candidate value is identical to the ground-truth value, preserving the exact same meaning."
9,contact_person_name,0,omitted,The field was empty or null.,0,omitted,The field was empty or null.
9,contact_person_role,0,omitted,The field was empty or null.,0,omitted,The field was empty or null.
9,contact_person_email,0,omitted,The field was empty or null.,0,omitted,The field was empty or null.
9,contact_person_phone,0,omitted,The field was empty or null.,0,omitted,The field was empty or null.
9,is_decision_maker,0,omitted,The field was empty or null.,0,omitted,The field was empty or null.
9,industry,0,omitted,The field was empty or null.,0,omitted,The field was empty or null.
9,address,0,omitted,The field was empty or null.,0,omitted,The field was empty or null.
9,purpose_of_request,4,overly_general,"The candidate adds extra goals about quality and durability, which are not mentioned in the ground truth, but the main purpose of increasing production speed and reducing injuries is preserved.",4,overly_general,"The candidate value mostly preserves the main meaning of the ground truth, but adds extra details that were not present in the original request."
9,lead_source,0,omitted,The field was empty or null.,0,omitted,The field was empty or null.
9,worked_with_ur_before,5,faithful,The candidate maintains the same meaning as the ground truth with only a minor addition specifying 'automation solutions'.,5,faithful,"The candidate value is almost identical to the ground truth, with only a minor addition of context that does not alter the core meaning."
9,in_house_automation_resources_description,4,mostly_faithful,"The candidate accurately describes the existing maintenance team for conveyor systems and adds context about the lack of experience with robotics, which aligns with the ground truth but includes additional information about future needs.",5,faithful,"The candidate value preserves the main idea of the ground truth, with minor wording differences and additional context that does not alter the original meaning."
9,in_house_team_skill_level,0,omitted,The field was empty or null.,0,omitted,The field was empty or null.
9,installation_responsibility,0,omitted,The field was empty or null.,0,omitted,The field was empty or null.
9,preferred_installation_timeline,0,omitted,The field was empty or null.,0,omitted,The field was empty or null.
9,deployment_process_preference,5,faithful,"The candidate accurately captures the phased deployment preference, including starting with one station and ensuring effectiveness before full implementation.",5,faithful,"The candidate value is almost identical to the ground truth, with only minor wording differences that do not affect the semantic meaning."
9,application_description,5,faithful,The candidate maintains the full semantic meaning of the ground truth with only minor wording changes.,5,faithful,"The candidate value is a rephrased version of the ground truth, preserving the same meaning and details with minor wording differences."
9,application_criticality,4,mostly_faithful,The candidate captures the criticality of the application but omits the specific detail about it being a bottleneck.,5,faithful,"The candidate value conveys the same meaning as the ground truth, with only minor wording differences."
9,application_type_and_sub_type,0,omitted,The field was empty or null.,0,omitted,The field was empty or null.
9,part_variety_description,5,faithful,"The candidate accurately preserves the meaning of the ground truth, with only minor wording differences.",5,faithful,"The candidate value is a rephrased version of the ground truth, preserving the exact same meaning and details."
9,part_dimensions_description,5,faithful,"The candidate accurately preserves the dimensions and description of the components, with only minor wording differences.",5,faithful,"The candidate value is a rephrased version of the ground truth, preserving the exact dimensions and meaning."
9,part_weight_description,4,mostly_faithful,The candidate captures the main idea of the weight being less than 5 grams but omits the description of being 'extremely light'.,5,faithful,"The candidate value preserves the exact same meaning as the ground truth, with only minor wording differences."
9,desired_throughput,0,omitted,The field was empty or null.,0,omitted,The field was empty or null.
9,budget_for_project,5,faithful,The candidate preserves the full semantic meaning of the ground truth with only minor wording differences.,5,faithful,"The candidate value is almost identical to the ground truth, with only minor wording differences that do not affect the semantic meaning."
9,project_completion_timeline_ideal,4,mostly_faithful,"The candidate correctly states the ideal timeline for the first station but adds additional context about full line automation, which slightly generalizes the original focus.",5,faithful,"The candidate value is a more detailed and specific version of the ground truth, preserving the same meaning and timeline."
9,project_timeline_constraints,3,vague,The candidate mentions the importance of adhering to timelines but omits the specific 8-month deadline and context of automation for a product launch.,3,vague,The candidate value conveys the importance of timelines but lacks specific details about the deadline and product launch mentioned in the ground truth.
9,key_decision_makers_description,3,partially_faithful,The candidate preserves the main roles of the decision-makers but adds unrelated information about the lead assembly line operator.,4,faithful,"The candidate mostly preserves the original meaning, but adds a minor detail about the lead assembly line operator's role, which is not present in the ground truth."
9,company_history_summary,5,faithful,The candidate retains the full meaning of the ground truth and adds additional relevant details without altering the original information.,5,faithful,"The candidate value is a faithful reproduction of the ground truth, with additional details that do not alter the original meaning."
9,key_stakeholders_summary,0,omitted,The field was empty or null.,0,omitted,The field was empty or null.
9,company_differentiation_summary,4,mostly_faithful,The candidate maintains the core meaning of the ground truth but adds extra information about automation and market reputation.,5,faithful,"The candidate value is a paraphrased version of the ground truth, preserving the same meaning and adding some minor details that do not alter the core semantic elements."
9,primary_products_services_summary,3,vague,"The candidate mentions high-end consumer electronics, which is related, but lacks specific details about wireless audio equipment, headphones, and speakers.",4,overly_general,The candidate value maintains the main idea of the company's focus on high-end products but omits specific details about wireless audio equipment and product types.
9,innovation_approach_summary,4,mostly_faithful,"The candidate captures the main idea of seeking solutions to enhance quality and efficiency, but adds specific goals like increasing production speed and reducing injuries, which slightly generalizes the original focus.",5,faithful,"The candidate value conveys the same meaning as the ground truth, with minor rewording and addition of specific goals that align with the original intent."
